{
  "crawl_parameters": {
    "requested_url_original": "https://www.bensai.fr/",
    "requested_url_schemed": "https://www.bensai.fr/",
    "base_output_directory_target_for_zip": "C:\\Users\\victo\\Desktop\\electron_app-main\\crawled_data",
    "max_concurrency": 8,
    "max_depth": 1
  },
  "crawl_summary_snapshot": {
    "initial_url_input": "https://www.bensai.fr/",
    "success": [],
    "failed": [
      {
        "url": "https://www.bensai.fr/en/homepage",
        "error": "missing ), unterminated subpattern at position 0"
      },
      {
        "url": "https://www.bensai.fr/en",
        "error": "missing ), unterminated subpattern at position 0"
      },
      {
        "url": "https://www.bensai.fr/en/news",
        "error": "missing ), unterminated subpattern at position 0"
      },
      {
        "url": "https://www.bensai.fr",
        "error": "missing ), unterminated subpattern at position 0"
      },
      {
        "url": "https://www.bensai.fr/en/welcome-to-the-new-version-of-our-website",
        "error": "missing ), unterminated subpattern at position 0"
      },
      {
        "url": "https://www.bensai.fr/en/homepage/page/2/?et_blog",
        "error": "missing ), unterminated subpattern at position 0"
      },
      {
        "url": "https://www.bensai.fr/en/homepage/actualites",
        "error": "missing ), unterminated subpattern at position 0"
      },
      {
        "url": "https://www.bensai.fr/mentions-legales",
        "error": "missing ), unterminated subpattern at position 0"
      }
    ],
    "skipped_by_filter": [
      "https://www.bensai.fr/wp-content/uploads/2024/12/menu-bensai-en.pdf"
    ],
    "initial_url": "https://www.bensai.fr/",
    "effective_start_url": "https://www.bensai.fr/en/homepage/",
    "output_path_for_site": "C:\\Users\\victo\\Desktop\\electron_app-main\\crawled_data\\www_bensai_fr",
    "sitemap_processing_results": {
      "status": "no_valid_sitemap_data_found_by_module",
      "sitemap_csv_path": null,
      "sitemap_urls_found_with_valid_lastmod": 0,
      "total_sitemap_entries_returned_by_crawler_module": 0,
      "error": "Sitemap crawler module is not available. the sitemap crawler module did not find any sitemap entries with valid/parsable lastmod timestamps.",
      "based_on_effective_url": "https://www.bensai.fr/en/homepage/"
    },
    "metadata_file_info_in_archive": "This metadata is stored as 'www_bensai_fr\\crawl_metadata.json' (relative to the root of the unzipped archive)."
  }
}